id,fb_chat_id,total_messages,customer_messages,agent_messages,first_message_time,last_message_time,common_topics,created_at,updated_at
1,6173bd56f751bf0740f105c6,36,25,11,,,,2025-08-27 12:33:57,
2,6173bea0d99d10108c3abefb,14,7,7,,,,2025-08-27 12:33:57,
3,6173bfcb48774dd4690addb1,27,21,6,,,,2025-08-27 12:33:57,
4,6173c0012e6c965da961c10a,3,1,2,,,,2025-08-27 12:33:57,
5,61745b1c9f54ec7f889910f1,9,4,5,,,,2025-08-27 12:33:57,
6,61751db99b8246ed5141064a,11,5,6,,,,2025-08-27 12:33:57,
7,6175866910aabac8ed4ebcdf,3,2,1,,,,2025-08-27 12:33:57,
8,6175b85b66d966883cb3f71d,11,8,3,,,,2025-08-27 12:33:57,
9,617640bdf2041cef612e5109,5,3,2,,,,2025-08-27 12:33:57,
10,61767b0e33e3da4879eb8584,3,1,2,,,,2025-08-27 12:33:57,
11,6176f7180bb24f35959dc5f3,7,3,4,,,,2025-08-27 12:33:57,
12,6177fdb5966fdf6741c3310a,4,2,2,,,,2025-08-27 12:33:57,
13,6177ff5015107648604fc329,4,2,2,,,,2025-08-27 12:33:57,
14,617806724f104ac65d9f75c6,4,2,2,,,,2025-08-27 12:33:57,
15,61781fcdbab5b2dddd96b4fc,14,8,6,,,,2025-08-27 12:33:57,
16,617823c3dd261102ee87dc71,8,3,5,,,,2025-08-27 12:33:57,
17,61782619a6c2f29dca7cc578,5,2,3,,,,2025-08-27 12:33:57,
18,6178279a27c50e3c7e2c78de,6,3,3,,,,2025-08-27 12:33:57,
19,6178279ec7a2bef471e10342,10,4,6,,,,2025-08-27 12:33:57,
20,617852f86017fdd615f2f37c,3,2,1,,,,2025-08-27 12:33:57,
21,61797a2707aed85a8ff6a510,4,2,2,,,,2025-08-27 12:33:57,
22,617a7f43d58843d38b742f94,3,1,2,,,,2025-08-27 12:33:57,
23,617d902a8a2bfccdbb751eb1,4,2,2,,,,2025-08-27 12:33:57,
24,617fb39037068e361072f510,3,1,2,,,,2025-08-27 12:33:57,
25,618387460cd0715fa3cdc71e,10,5,5,,,,2025-08-27 12:33:57,
26,6183d465e2aa4a0106cb40c0,3,1,2,,,,2025-08-27 12:33:57,
27,618419cf235106ff19a5e467,6,3,3,,,,2025-08-27 12:33:57,
28,6184bfeb100379e75fc9ab10,5,2,3,,,,2025-08-27 12:33:57,
29,618581ac39573cbd1a4a1404,7,4,3,,,,2025-08-27 12:33:57,
30,6187acdb105c821a533ad54b,5,2,3,,,,2025-08-27 12:33:57,
31,61880b43f9b350bcbdcd87b5,3,1,2,,,,2025-08-27 12:33:57,
32,6188e1bb82e176adf104a8cb,2,1,1,,,,2025-08-27 12:33:57,
33,618bd9867050ba24df7c7f57,8,4,4,,,,2025-08-27 12:33:57,
34,61909340a9f797c5c645825c,3,1,2,,,,2025-08-27 12:33:57,
35,6191182a8d574e7b281cc3b5,11,7,4,,,,2025-08-27 12:33:57,
36,61914c45d765c2d5dfd528d8,5,2,3,,,,2025-08-27 12:33:57,
37,619526cffeecf798210a679d,3,1,2,,,,2025-08-27 12:33:57,
38,6195289d8681451378611064,5,2,3,,,,2025-08-27 12:33:57,
39,6195306f2e8c1db2356a8731,4,1,3,,,,2025-08-27 12:33:57,
40,61954558575d23bae91c19bf,10,1,9,,,,2025-08-27 12:33:57,
41,6196085cdc67510b4e4f0d10,5,2,3,,,,2025-08-27 12:33:57,
42,61962bc6eaaa3085e119ae4c,3,1,2,,,,2025-08-27 12:33:57,
43,61963e9d4f104eef91253cdb,4,2,2,,,,2025-08-27 12:33:57,
44,61967516cbdc1f69c4e5e16f,3,1,2,,,,2025-08-27 12:33:57,
45,619783bd8165aecbc2ef4316,10,6,4,,,,2025-08-27 12:33:57,
46,6197dad7f921ab97e2cfbfa5,10,5,5,,,,2025-08-27 12:33:57,
47,6197eed2dcfb16984c762561,5,2,3,,,,2025-08-27 12:33:57,
48,619900f4095a3b1a8eeb8845,8,4,4,,,,2025-08-27 12:33:57,
49,6199feceb84bad45c788d52d,11,7,4,,,,2025-08-27 12:33:57,
50,619a4f141ff849eb5105a705,8,4,4,,,,2025-08-27 12:33:57,
51,619afe63eb9288fb7c969a61,4,2,2,,,,2025-08-27 12:33:57,
52,619b3e7a164a994d13bcbde7,15,9,6,,,,2025-08-27 12:33:57,
53,619c5ef5d50dee669dcd5241,5,2,3,,,,2025-08-27 12:33:57,
54,619d0ce24a4ac4072c5ecc1d,3,1,2,,,,2025-08-27 12:33:57,
55,619dc19a10124dcfd10b8510,8,3,5,,,,2025-08-27 12:33:57,
56,619e81a6297e9b4fa271c70b,15,8,7,,,,2025-08-27 12:33:57,
57,619e8ede1023100ade58df4c,3,1,2,,,,2025-08-27 12:33:57,
58,619fc7ece3f810732e6108cb,6,3,3,,,,2025-08-27 12:33:57,
59,619ff034fd9a2bf263df3bbe,4,2,2,,,,2025-08-27 12:33:57,
60,61a10997cfc35e08129388f6,4,2,2,,,,2025-08-27 12:33:57,
61,61a1aac21cc6d321106ea226,9,6,3,,,,2025-08-27 12:33:57,
62,61a25b52a71c105d1f108281,6,3,3,,,,2025-08-27 12:33:57,
63,61a30f9567e89ceca24cc396,8,4,4,,,,2025-08-27 12:33:57,
64,61a30f98f47b38b8d63e42f1,89,84,5,,,,2025-08-27 12:33:57,
65,61a32b66a781b92c19bab0f8,2,1,1,,,,2025-08-27 12:33:57,
66,61a345b1282eb72c980cc24a,4,1,3,,,,2025-08-27 12:33:57,
67,61a4758c321691809b478e5c,6,3,3,,,,2025-08-27 12:33:57,
68,61a4cd4f351c76e66b81154c,17,8,9,,,,2025-08-27 12:33:57,
69,61a62b81d46894fe2cc1fa6c,14,7,7,,,,2025-08-27 12:33:57,
70,61a647aa78bdbfbdea9225c2,5,2,3,,,,2025-08-27 12:33:57,
71,61a6fa399f7140d127b383c4,6,4,2,,,,2025-08-27 12:33:57,
72,61a8f10de40f7fdef6a5d9e6,4,2,2,,,,2025-08-27 12:33:57,
73,61a98b8862e36c27bfd86076,5,3,2,,,,2025-08-27 12:33:57,
74,61aa1fe12e5eaa4f345a6e9d,24,13,11,,,,2025-08-27 12:33:57,
75,61aa67b6410b11b1b9331ee2,13,7,6,,,,2025-08-27 12:33:57,
76,61aaf02298e4e1aae7a1dfcf,6,2,4,,,,2025-08-27 12:33:57,
77,61ab94f9d76979104e6dd85e,3,1,2,,,,2025-08-27 12:33:57,
78,61ac378d9e1db9dece3cccea,11,4,7,,,,2025-08-27 12:33:57,
79,61ac5aef9dd10169a9d131fb,5,2,3,,,,2025-08-27 12:33:57,
80,61ac8192eb3102d3e2bc0145,7,4,3,,,,2025-08-27 12:33:57,
81,61acfbf3bc2114cf3712929d,4,2,2,,,,2025-08-27 12:33:58,
82,61ae5211d9903a645a06dc43,3,1,2,,,,2025-08-27 12:33:58,
83,61ae5f7dbc59e978d8adbccd,15,9,6,,,,2025-08-27 12:33:58,
84,61afa54ffc4d65a6a25d98b2,9,4,5,,,,2025-08-27 12:33:58,
85,61b0da9188d944cfc0ddf4ee,7,5,2,,,,2025-08-27 12:33:58,
86,61b19797ac281f5457efa100,8,3,5,,,,2025-08-27 12:33:58,
87,61b2fd5d2c1d1f9730e7103b,4,2,2,,,,2025-08-27 12:33:58,
88,61b439be89267a769517c93c,21,13,8,,,,2025-08-27 12:33:58,
89,61b5f8663ff53359e588102c,2,1,1,,,,2025-08-27 12:33:58,
90,61b71c71ce44b2f0cd7f5362,3,1,2,,,,2025-08-27 12:33:58,
91,61b77144d82fe79d85ebc92f,7,3,4,,,,2025-08-27 12:33:58,
92,61b852f1d940125dadf44d83,5,2,3,,,,2025-08-27 12:33:58,
93,61b984b05abbccc18f54739f,14,5,9,,,,2025-08-27 12:33:58,
94,61ba42a894355cad9edf4e51,4,2,2,,,,2025-08-27 12:33:58,
95,61bc9d762810ea2f2190cded,2,1,1,,,,2025-08-27 12:33:58,
96,61c0ba0e67b3b2bcb7f910ce,6,3,3,,,,2025-08-27 12:33:58,
97,61c195c9760b59e2b22d3d88,3,1,2,,,,2025-08-27 12:33:58,
98,61cc6d817a45a87744c18982,4,2,2,,,,2025-08-27 12:33:58,
99,61cc7103256cf752429fe1b6,10,5,5,,,,2025-08-27 12:33:58,
100,61cc72f9b105f1658b30e1c1,5,2,3,,,,2025-08-27 12:33:58,
101,61cc7381b3a64acb47eedfa5,3,1,2,,,,2025-08-27 12:33:58,
102,61cddeafb9b8a104d95e348d,5,4,1,,,,2025-08-27 12:33:58,
103,61ce4acf1010b53c7e08696e,3,2,1,,,,2025-08-27 12:33:58,
104,61d3f6c787b953fcdeb92753,6,4,2,,,,2025-08-27 12:33:58,
105,61d405f3a33b575feafe39bc,2,1,1,,,,2025-08-27 12:33:58,
106,61d7b14ebcda13a7d34013de,4,2,2,,,,2025-08-27 12:33:58,
107,61dc412a108c67a3e9cb7710,53,44,9,,,,2025-08-27 12:33:58,
108,61dc5a0761071e07380b87da,13,8,5,,,,2025-08-27 12:33:58,
109,61dc5d348143c477d828fe7f,3,1,2,,,,2025-08-27 12:33:58,
110,61dc7ae47eedb44d10cb7f21,15,8,7,,,,2025-08-27 12:33:58,
111,61de77474fd2631eade70028,2,1,1,,,,2025-08-27 12:33:58,
112,61de8fd3d1f450909398257f,13,7,6,,,,2025-08-27 12:33:58,
113,61ded66f7e79027e574204d6,15,9,6,,,,2025-08-27 12:33:58,
114,61e023485162947401b5fbc9,3,1,2,,,,2025-08-27 12:33:58,
115,61e59ad2c923fada2b22d2be,4,3,1,,,,2025-08-27 12:33:58,
116,61e59c02100c19a6df4138d7,3,1,2,,,,2025-08-27 12:33:58,
117,61e6ed9deb5cd197b59b2264,2,1,1,,,,2025-08-27 12:33:58,
118,61e6fe8bb2428c659ee32ed1,3,1,2,,,,2025-08-27 12:33:58,
119,61e7c01a865a3bc95323d241,6,2,4,,,,2025-08-27 12:33:58,
120,61e844769bf7746af7fba775,5,2,3,,,,2025-08-27 12:33:58,
121,61eaf5eb7a57bfb28eb6324e,5,3,2,,,,2025-08-27 12:33:58,
122,61eca973ffbfcba244510893,9,5,4,,,,2025-08-27 12:33:58,
123,61ed3906b1010c63ff8ea7b3,32,20,12,,,,2025-08-27 12:33:58,
124,61f04af96cb1ef5ab56ad815,7,3,4,,,,2025-08-27 12:33:58,
125,61f3837c13c12e873d6a2c2d,6,2,4,,,,2025-08-27 12:33:58,
126,61f437dcf51acbd862a56ff3,9,4,5,,,,2025-08-27 12:33:58,
127,61f58658ace299eb1cd97838,3,2,1,,,,2025-08-27 12:33:58,
128,61f6c3fe6746a101b48f4a97,3,1,2,,,,2025-08-27 12:33:58,
129,61f8c9ab435510de48416ac8,9,5,4,,,,2025-08-27 12:33:58,
130,61f96cac72c6f6c9d632c62a,3,1,2,,,,2025-08-27 12:33:58,
131,61fa582cffe21433e10c10d9,4,2,2,,,,2025-08-27 12:33:58,
132,61fa6c90d04cbdfd10e95989,4,2,2,,,,2025-08-27 12:33:58,
133,61fab29d96ea6f51105b47ef,5,2,3,,,,2025-08-27 12:33:58,
134,61fab7ce9bbc9c76f2cfba09,5,2,3,,,,2025-08-27 12:33:58,
135,61facc408293d91fb2feed31,6,4,2,,,,2025-08-27 12:33:58,
136,61fb99a7371be6bab9450d77,3,2,1,,,,2025-08-27 12:33:58,
137,61fbae8df8a1096cabd69cee,10,5,5,,,,2025-08-27 12:33:58,
138,61fd59efbb25facd6e52391c,15,9,6,,,,2025-08-27 12:33:58,
139,61fe739c64a864355aa2af69,16,8,8,,,,2025-08-27 12:33:58,
140,61feaf57ced5c3fef1fa7767,3,1,2,,,,2025-08-27 12:33:58,
141,620165c26ccab9a0ed1dc5dd,4,3,1,,,,2025-08-27 12:33:58,
142,6207380562438f09b67dee6d,9,5,4,,,,2025-08-27 12:33:58,
143,6207dac97f25156eff6ebf92,3,1,2,,,,2025-08-27 12:33:58,
144,620c15fba3a7f3e1a329df5a,4,3,1,,,,2025-08-27 12:33:58,
145,620c9a5d8dad10b1911086a1,4,2,2,,,,2025-08-27 12:33:58,
146,6210b69a19c3f33e711a888f,6,4,2,,,,2025-08-27 12:33:58,
147,621642e4b43e7b686d7453d0,9,4,5,,,,2025-08-27 12:33:58,
148,62191e1ed697f8551b6318ae,3,1,2,,,,2025-08-27 12:33:58,
149,621cabcea486d644972d1538,5,3,2,,,,2025-08-27 12:33:58,
150,62209b6f8c9267fbb206c76d,3,1,2,,,,2025-08-27 12:33:58,
151,62209d6e65e57c058be53a67,48,40,8,,,,2025-08-27 12:33:58,
152,6224f850dc355eb3194578ec,20,13,7,,,,2025-08-27 12:33:58,
153,6227936078f54a341b9f71cb,9,5,4,,,,2025-08-27 12:33:58,
154,62285ffa28343b938eaa10eb,5,2,3,,,,2025-08-27 12:33:58,
155,62291bfc9d341bb369188510,4,3,1,,,,2025-08-27 12:33:58,
156,622b7867c7ddb28c7a946d66,5,3,2,,,,2025-08-27 12:33:58,
157,622c38862ccb271fa10e224d,8,3,5,,,,2025-08-27 12:33:58,
158,622cc1126622388af8b536fb,3,1,2,,,,2025-08-27 12:33:58,
159,622cf45a4ad637883dfb4dd9,10,4,6,,,,2025-08-27 12:33:58,
160,623079ef36286081c996d24f,4,2,2,,,,2025-08-27 12:33:58,
161,623213cf27caca5d263c7399,9,4,5,,,,2025-08-27 12:33:58,
162,62338f6fe3f4cf2f10354c53,14,8,6,,,,2025-08-27 12:33:58,
163,62345531e599af3764624626,8,5,3,,,,2025-08-27 12:33:58,
164,624024113f4fbe4fa37a7984,12,5,7,,,,2025-08-27 12:33:58,
165,6245d2e0a5cc7eb9d2b06e67,6,2,4,,,,2025-08-27 12:33:58,
166,62489cb1a45b37f8e4148f38,3,1,2,,,,2025-08-27 12:33:58,
167,6251c3b24bb07e456af927b6,2,1,1,,,,2025-08-27 12:33:58,
168,62547fbc29b7fdb2f6a6d2e8,3,1,2,,,,2025-08-27 12:33:58,
169,6255663f8dd568ce0106815d,6,3,3,,,,2025-08-27 12:33:58,
170,6256815228665430105728e2,5,3,2,,,,2025-08-27 12:33:58,
171,6256b3794c6fa55aeca1146c,6,4,2,,,,2025-08-27 12:33:58,
172,625823433db10ae90831010b,14,9,5,,,,2025-08-27 12:33:58,
173,625fa7a9b6d565b3b6b58f51,3,1,2,,,,2025-08-27 12:33:58,
174,626033176d2294a2102f4673,94,91,3,,,,2025-08-27 12:33:58,
175,626051e6fb1455df7e8a1383,3,1,2,,,,2025-08-27 12:33:58,
176,6263c6736b70c64967da46cb,5,2,3,,,,2025-08-27 12:33:58,
177,6268d842a69c3a104a34973e,4,2,2,,,,2025-08-27 12:33:58,
178,626bc81f51bd1b750cdfcb56,9,6,3,,,,2025-08-27 12:33:58,
179,626c13769a79cd282ee933be,7,5,2,,,,2025-08-27 12:33:58,
180,626d03b67fa5c96100b6a7e3,5,3,2,,,,2025-08-27 12:33:58,
181,626d99188e4b28d6ac1826ef,3,1,2,,,,2025-08-27 12:33:58,
182,626e42c4d39eacd1048df2ec,14,8,6,,,,2025-08-27 12:33:58,
183,62728f051f1055835d33cc85,6,3,3,,,,2025-08-27 12:33:58,
184,62774d17614405f8824fc79c,7,4,3,,,,2025-08-27 12:33:58,
185,6277900678684bff8af7f145,2,1,1,,,,2025-08-27 12:33:58,
186,627a9bebb5557771056abb7e,3,1,2,,,,2025-08-27 12:33:58,
187,627d384e2cef7707fd332018,2,1,1,,,,2025-08-27 12:33:58,
188,627f5c9c3a186f9b3ccba60a,4,2,2,,,,2025-08-27 12:33:58,
189,627f607af77aaf5a9128eae2,3,1,2,,,,2025-08-27 12:33:58,
190,628381ac75716fd610cecfb3,14,7,7,,,,2025-08-27 12:33:58,
191,628524fe68e285b7ea6e166f,13,8,5,,,,2025-08-27 12:33:58,
192,6287adc8f9ad947c5137bb88,9,5,4,,,,2025-08-27 12:33:58,
193,628af6bec1358c76acc15aa1,2,1,1,,,,2025-08-27 12:33:58,
194,628b0d5ce28ca21099287046,3,1,2,,,,2025-08-27 12:33:58,
195,628e67e14e10dee7cd6e1165,4,2,2,,,,2025-08-27 12:33:58,
196,6293b2ef8ae7761c7404374c,6,3,3,,,,2025-08-27 12:33:58,
197,629b8a4e8f9a125ee217e368,6,2,4,,,,2025-08-27 12:33:58,
198,629ca48c0f4181312fbb1aa9,7,4,3,,,,2025-08-27 12:33:58,
199,62a020f3b6fff8adc5a7d4bd,13,7,6,,,,2025-08-27 12:33:58,
200,62a6c8924637595bde43671f,22,13,9,,,,2025-08-27 12:33:58,
201,62a8818a108fbf10e9e6f065,7,5,2,,,,2025-08-27 12:33:58,
202,62a8b4eca5bc512573c19f73,5,4,1,,,,2025-08-27 12:33:58,
203,62b0192179ff4ed766441ef2,4,2,2,,,,2025-08-27 12:33:58,
204,62b1b56210dc233de4124a81,10,6,4,,,,2025-08-27 12:33:58,
205,62b89faaea7e95810b72ad28,4,3,1,,,,2025-08-27 12:33:58,
206,62bc29a1e3a4d710a658f5bf,6,4,2,,,,2025-08-27 12:33:58,
207,62c15637facdfdd510139f88,8,4,4,,,,2025-08-27 12:33:58,
208,62c3f799b5c1597b33e7680e,3,1,2,,,,2025-08-27 12:33:58,
209,62c87bb1c31b3a910e4c355b,3,1,2,,,,2025-08-27 12:33:58,
210,62cbdcaefe76c4cdbc92ffaf,4,2,2,,,,2025-08-27 12:33:58,
211,62cfa520f10b87f6df87dcf6,3,1,2,,,,2025-08-27 12:33:58,
212,62d28f9339bd8a48278f4957,3,1,2,,,,2025-08-27 12:33:58,
213,62d2ac413e7aad52749d7c5e,9,6,3,,,,2025-08-27 12:33:58,
214,62d2f87a876943f5c75ecff1,3,2,1,,,,2025-08-27 12:33:58,
215,62d794b55288818510548b48,3,1,2,,,,2025-08-27 12:33:58,
216,62d98638f4d586210c1a31ba,10,5,5,,,,2025-08-27 12:33:58,
217,62e4faf4e48da631e958b440,6,3,3,,,,2025-08-27 12:33:58,
218,62ed0d045d6bab281fd8f808,3,2,1,,,,2025-08-27 12:33:58,
219,62efec64c7c8176e51f5215a,4,2,2,,,,2025-08-27 12:33:58,
220,62f2a2a9bc145f881f674899,3,2,1,,,,2025-08-27 12:33:58,
221,62f529e5ef55df78076cc8a7,10,7,3,,,,2025-08-27 12:33:58,
222,62f88641aa301c110210b655,3,1,2,,,,2025-08-27 12:33:58,
223,62f8e9d15a643a7b77b4fbf1,8,4,4,,,,2025-08-27 12:33:58,
224,62f9c841651f223b84821723,7,4,3,,,,2025-08-27 12:33:58,
225,6301c724f19881371106d3cb,3,1,2,,,,2025-08-27 12:33:58,
226,63025a134a6011d8dc1b371c,5,2,3,,,,2025-08-27 12:33:58,
227,630366b0933a9ec5c52f712f,12,7,5,,,,2025-08-27 12:33:58,
228,630e472c991048e380808387,3,2,1,,,,2025-08-27 12:33:58,
229,6312e78c57210d5a7f61084a,12,6,6,,,,2025-08-27 12:33:58,
230,6315aa9412d6ff210eb33e10,16,11,5,,,,2025-08-27 12:33:58,
231,631793ea9c66bac13f512688,3,1,2,,,,2025-08-27 12:33:58,
232,63179987fb13ea57d2761ab2,7,3,4,,,,2025-08-27 12:33:58,
233,6318a28c10c624e97cebe866,3,1,2,,,,2025-08-27 12:33:58,
234,631a5c4b6f3ece586279810b,7,3,4,,,,2025-08-27 12:33:58,
235,6322d8c20ee87c105a34eebf,6,2,4,,,,2025-08-27 12:33:58,
236,6326d2d190f4e232e1982726,9,5,4,,,,2025-08-27 12:33:58,
237,632ae7cb7d0e1059bc27e1a1,5,2,3,,,,2025-08-27 12:33:58,
238,632d576285d3cb204ffa25db,12,7,5,,,,2025-08-27 12:33:58,
239,633017963cad4dec9131f861,3,1,2,,,,2025-08-27 12:33:58,
240,6331e2bc41e371449a3d1029,3,1,2,,,,2025-08-27 12:33:58,
241,633315bb80eb1dcffc529a17,32,20,12,,,,2025-08-27 12:33:58,
242,6336b4fd3ec156eed3df4101,6,3,3,,,,2025-08-27 12:33:58,
243,6337e3eec10956433101dab2,3,1,2,,,,2025-08-27 12:33:58,
244,633afdb875a5a399dbc62e92,3,1,2,,,,2025-08-27 12:33:58,
245,633cb42870608f76b11aa4be,4,3,1,,,,2025-08-27 12:33:58,
246,633e93ebd8383106fb75610a,43,27,16,,,,2025-08-27 12:33:58,
247,633e955d5e01865985d71576,22,14,8,,,,2025-08-27 12:33:58,
248,634177229d0106fe87952d69,4,2,2,,,,2025-08-27 12:33:58,
249,634274b9cff88e1772a1d31c,6,2,4,,,,2025-08-27 12:33:58,
250,634434f90fca7d2e109b1ce1,3,1,2,,,,2025-08-27 12:33:58,
251,63467f2cede6e0f6b4e565de,5,2,3,,,,2025-08-27 12:33:58,
252,634acf4fead42cfb834d94e8,3,2,1,,,,2025-08-27 12:33:58,
253,634e73d5bd0a412e4ffd210d,5,2,3,,,,2025-08-27 12:33:58,
254,635169bd2ed47bd223f17b30,2,1,1,,,,2025-08-27 12:33:58,
255,63552206b3ec98ba1327255a,4,2,2,,,,2025-08-27 12:33:58,
256,635522dffd7ebf110e4274f1,3,1,2,,,,2025-08-27 12:33:58,
257,6359c9ef1d2527b8b2c8253d,16,8,8,,,,2025-08-27 12:33:58,
258,635d4d73e19fa39a4aa61006,9,5,4,,,,2025-08-27 12:33:58,
259,635ed916218272ed5fcd7e8a,3,1,2,,,,2025-08-27 12:33:58,
260,635f69dd10c45ccf1851fcad,3,1,2,,,,2025-08-27 12:33:58,
261,635ff6f2c129e9c8d945b298,5,2,3,,,,2025-08-27 12:33:58,
262,63612f9f394b4509d8833e11,4,2,2,,,,2025-08-27 12:33:58,
263,6362637c29b19b31dd5910b1,3,1,2,,,,2025-08-27 12:33:58,
264,636430141797129f2170c3bf,4,2,2,,,,2025-08-27 12:33:58,
265,6369f8a821894f0cd8ccd6ad,6,3,3,,,,2025-08-27 12:33:58,
266,636a82f4d1e710c108688110,9,6,3,,,,2025-08-27 12:33:58,
267,63712dcd0ec9fbce55f3cd10,6,4,2,,,,2025-08-27 12:33:58,
268,6373c6e8710958b03fa4af94,3,1,2,,,,2025-08-27 12:33:58,
269,637769f2f658c14a6569d712,7,4,3,,,,2025-08-27 12:33:58,
270,637d16466968f28e3e58d4e4,4,2,2,,,,2025-08-27 12:33:58,
271,637d82e9a109e7d750bc61f8,19,11,8,,,,2025-08-27 12:33:58,
272,637da6765197be437a5e82ed,14,7,7,,,,2025-08-27 12:33:58,
273,637e5031aab55b6e6afe8e98,5,3,2,,,,2025-08-27 12:33:58,
274,637f8c24632d8d753da70e43,7,4,3,,,,2025-08-27 12:33:58,
275,638056bed1eb1795856f0419,3,1,2,,,,2025-08-27 12:33:58,
276,638399ef6f781060310b851a,4,2,2,,,,2025-08-27 12:33:58,
277,6386483b934256b0105775b6,8,4,4,,,,2025-08-27 12:33:58,
278,63878e45b7d8724db27f2f0d,5,3,2,,,,2025-08-27 12:33:58,
279,6388dc304ab1d56beb991379,3,1,2,,,,2025-08-27 12:33:58,
280,638af337c8100788f87ab431,10,7,3,,,,2025-08-27 12:33:58,
281,638f10d18fc07849584057da,7,3,4,,,,2025-08-27 12:33:58,
282,638fb7876b715dbd2e78a910,3,1,2,,,,2025-08-27 12:33:58,
283,639477162b7ab6976d3278a4,7,3,4,,,,2025-08-27 12:33:58,
284,6395f7263667566bebdbf910,12,6,6,,,,2025-08-27 12:33:58,
285,63988b524c7aa9310dd3f171,5,3,2,,,,2025-08-27 12:33:58,
286,6398a336ed039cb2fb1f3c4f,3,1,2,,,,2025-08-27 12:33:58,
287,639a096086c77585701af31b,3,1,2,,,,2025-08-27 12:33:58,
288,639a1edae09e132b3ad1ce54,3,1,2,,,,2025-08-27 12:33:58,
289,639a3629d70d210fee77b33e,4,3,1,,,,2025-08-27 12:33:59,
290,639fa18ad49bbf9a5206d730,4,2,2,,,,2025-08-27 12:33:59,
291,63a1f2c0755edefaf3b8016f,10,6,4,,,,2025-08-27 12:33:59,
292,63a1f3b559cf703ac0717bc8,3,1,2,,,,2025-08-27 12:33:59,
293,63aaa6e3bdc0b7983e0ebf48,6,3,3,,,,2025-08-27 12:33:59,
294,63b04ce5d13b5687ca13151d,13,9,4,,,,2025-08-27 12:33:59,
295,63b4786eed8887551002510a,4,2,2,,,,2025-08-27 12:33:59,
296,63b4a5eb36108aaeff4a126b,7,4,3,,,,2025-08-27 12:33:59,
297,63b73b8f8913c2da6efb9ff9,7,3,4,,,,2025-08-27 12:33:59,
298,63b84b6464ecff858872d724,3,1,2,,,,2025-08-27 12:33:59,
299,63bad008682fa43f2cf4e9b4,6,3,3,,,,2025-08-27 12:33:59,
300,63c26bfd8e496a24a9109947,8,4,4,,,,2025-08-27 12:33:59,
301,63ce5b5de4c2dc368ccada94,9,5,4,,,,2025-08-27 12:33:59,
302,63d3536fb58e4245a07a106f,8,5,3,,,,2025-08-27 12:33:59,
303,63d38178102c5c43283d2f5a,16,10,6,,,,2025-08-27 12:33:59,
304,63d7f51c4968df6a318103ae,3,1,2,,,,2025-08-27 12:33:59,
305,63e283c4e3b98c851691589a,26,17,9,,,,2025-08-27 12:33:59,
306,63e9c72b21e339acb339a83f,5,3,2,,,,2025-08-27 12:33:59,
307,63ea540283a42d219b9f2e39,2,1,1,,,,2025-08-27 12:33:59,
308,63f648ac102fc1d2bab86965,25,16,9,,,,2025-08-27 12:33:59,
309,63f9be851aa374c85276cd61,14,8,6,,,,2025-08-27 12:33:59,
310,63f9f70ee4818245499ff9a5,5,3,2,,,,2025-08-27 12:33:59,
311,63fa43b4a6da7eed44e7c267,3,2,1,,,,2025-08-27 12:33:59,
312,63fb291b19821082ee9d248d,3,1,2,,,,2025-08-27 12:33:59,
313,63fc8f1708bbbd38976c13bc,10,6,4,,,,2025-08-27 12:33:59,
314,63fef3778431c81dbeb69f10,3,1,2,,,,2025-08-27 12:33:59,
315,640240d3100aaf5cf3936534,7,3,4,,,,2025-08-27 12:33:59,
316,64038e0218ec225c7e21ec0b,3,1,2,,,,2025-08-27 12:33:59,
317,6403f7b1c5f261600f610727,7,3,4,,,,2025-08-27 12:33:59,
318,640d9906bc6e15ce5561f421,4,2,2,,,,2025-08-27 12:33:59,
319,64106928ec1053288963544b,4,2,2,,,,2025-08-27 12:33:59,
320,6411fa4bf783e0ca710c455f,3,1,2,,,,2025-08-27 12:33:59,
321,641484758eee049db3d27eed,3,1,2,,,,2025-08-27 12:33:59,
322,64153bcb376edfe8f33d4db6,7,3,4,,,,2025-08-27 12:33:59,
323,6419ea56e6cda10e5de82d1c,4,2,2,,,,2025-08-27 12:33:59,
324,641b1943c5f0c2272e65155c,6,2,4,,,,2025-08-27 12:33:59,
325,641c109e6206376ee4f8ad84,9,6,3,,,,2025-08-27 12:33:59,
326,641c72d2107ed50ae9d8c5b1,4,2,2,,,,2025-08-27 12:33:59,
327,641c880cdb8e79e6d36b4e91,3,1,2,,,,2025-08-27 12:33:59,
328,641c940eb5457b57f95ba110,6,3,3,,,,2025-08-27 12:33:59,
329,641d797df6eb789fe3b136ee,7,4,3,,,,2025-08-27 12:33:59,
330,641fc2e97415d6a7a90ff109,11,5,6,,,,2025-08-27 12:33:59,
331,641fead476134ad54b102fc6,6,4,2,,,,2025-08-27 12:33:59,
332,64201154668d58b8292bca75,4,1,3,,,,2025-08-27 12:33:59,
333,64209c2d1a587fdd040f23b9,1,0,1,,,,2025-08-27 12:33:59,
334,6421c2aba751d015705de8fb,13,9,4,,,,2025-08-27 12:33:59,
335,6422e2297d6a6b64e7dc93be,21,12,9,,,,2025-08-27 12:33:59,
336,64232869088735de8d909fbb,5,3,2,,,,2025-08-27 12:33:59,
337,64236b738564cd3134951102,10,5,5,,,,2025-08-27 12:33:59,
338,642471641fdb4958e6c1e7a4,2,1,1,,,,2025-08-27 12:33:59,
339,6428807df15f43d391cac104,4,2,2,,,,2025-08-27 12:33:59,
340,6436808b944510d4be81785d,12,8,4,,,,2025-08-27 12:33:59,
341,6437ab41ca10c6225c0c966a,5,3,2,,,,2025-08-27 12:33:59,
342,643bdce7124b1e3e6715044b,5,3,2,,,,2025-08-27 12:33:59,
343,6442bb6b8f4965db74459387,5,2,3,,,,2025-08-27 12:33:59,
344,64478ea871ad1c4bcf2b316b,9,5,4,,,,2025-08-27 12:33:59,
345,644825c1adacb31f3bc7dee4,23,15,8,,,,2025-08-27 12:33:59,
346,6449239810ac79e3b6c2053b,4,2,2,,,,2025-08-27 12:33:59,
347,644d39f1ed1e9f67d274186e,7,4,3,,,,2025-08-27 12:33:59,
348,6450a788103cea78ea21d77a,30,17,13,,,,2025-08-27 12:33:59,
349,6452261501cbc12a7710b8e1,3,1,2,,,,2025-08-27 12:33:59,
350,645b3e6903109cca3eb8f6da,4,2,2,,,,2025-08-27 12:33:59,
351,645b6ce710a32640e87fa9a5,3,1,2,,,,2025-08-27 12:33:59,
352,645cde889506544c3e5aa771,4,2,2,,,,2025-08-27 12:33:59,
353,645f8183f1109e7c1debbfe8,3,1,2,,,,2025-08-27 12:33:59,
354,6466537835f56b9f23ab1079,5,2,3,,,,2025-08-27 12:33:59,
355,646badaa554c123dba379cba,3,1,2,,,,2025-08-27 12:33:59,
356,646dd8c2a92cd24d8f0a3cb2,9,4,5,,,,2025-08-27 12:33:59,
357,646def81fd1e10846f324c93,6,2,4,,,,2025-08-27 12:33:59,
358,64709f2f7fcafcda3f7646c6,3,1,2,,,,2025-08-27 12:33:59,
359,6474eab1056c4e11075c266d,5,2,3,,,,2025-08-27 12:33:59,
360,647649c74ac1edd586979989,3,1,2,,,,2025-08-27 12:33:59,
361,647dd1f6e72237d2410a1e6c,5,2,3,,,,2025-08-27 12:33:59,
362,6485d5429d72a88d53d98510,3,1,2,,,,2025-08-27 12:33:59,
363,64889c7b97c18d2fd7bc11a0,7,4,3,,,,2025-08-27 12:33:59,
364,648b4a8f56f24ec8db6d3cb8,6,4,2,,,,2025-08-27 12:33:59,
365,648b4e74c88ce592510cf110,7,4,3,,,,2025-08-27 12:33:59,
366,649983fde47101680b6d9a93,15,7,8,,,,2025-08-27 12:33:59,
367,649d3a24bdfa1f6a4fca0fef,9,4,5,,,,2025-08-27 12:33:59,
368,64a00bd492a93682a1210924,7,3,4,,,,2025-08-27 12:33:59,
369,64a1367e8f68119106c107c9,3,1,2,,,,2025-08-27 12:33:59,
370,64ba32566ba07a66f40eaa8e,8,5,3,,,,2025-08-27 12:33:59,
371,64bbb3d287fd663562325f7b,10,5,5,,,,2025-08-27 12:33:59,
372,64c14ee7ec34bceae991839c,5,4,1,,,,2025-08-27 12:33:59,
373,64c25302836f597029850f58,4,2,2,,,,2025-08-27 12:33:59,
374,64c29d733d946e4629ef27b8,3,1,2,,,,2025-08-27 12:33:59,
375,64c54681eed7a9ebce8e3961,6,3,3,,,,2025-08-27 12:33:59,
376,64d0c732a1ef8546e8ac31b3,3,1,2,,,,2025-08-27 12:33:59,
377,64d3e911a8a278185f2bae34,6,4,2,,,,2025-08-27 12:33:59,
378,64edaff89b5495a0631e2e23,17,9,8,,,,2025-08-27 12:33:59,
379,64eeceaa1945c7d9cebb081a,10,8,2,,,,2025-08-27 12:33:59,
380,64eeeb0da4bb128ecd253642,1,0,1,,,,2025-08-27 12:33:59,
381,64f0d801bae731431a244f64,4,2,2,,,,2025-08-27 12:33:59,
382,64f9f3f110dc29a18b893106,3,1,2,,,,2025-08-27 12:33:59,
383,64fa1bb88c866b32f577e516,4,3,1,,,,2025-08-27 12:33:59,
384,64fa1fc228c2ff991041dda4,6,3,3,,,,2025-08-27 12:33:59,
385,64fc79fea153b8687de69cbe,7,4,3,,,,2025-08-27 12:33:59,
386,65018927efe6374f3b467dbc,3,1,2,,,,2025-08-27 12:33:59,
387,650c864b2a92795dfd31f3ae,2,1,1,,,,2025-08-27 12:33:59,
388,65145cb34de410885b624b10,6,4,2,,,,2025-08-27 12:33:59,
389,65166bfb9102795692b1b315,7,2,5,,,,2025-08-27 12:33:59,
390,6517bb4a7c0ed6f174a114ec,15,10,5,,,,2025-08-27 12:33:59,
391,651fd3114d0133c3313a49e5,10,4,6,,,,2025-08-27 12:33:59,
392,652fd3d5186475bc8d4260a7,4,3,1,,,,2025-08-27 12:33:59,
393,6530c04b9549769fa8354226,7,3,4,,,,2025-08-27 12:33:59,
394,6530f72756d4e6ac134283c4,8,3,5,,,,2025-08-27 12:33:59,
395,653232e67dde1db1f5d25a6c,4,2,2,,,,2025-08-27 12:33:59,
396,6538b4d9b3dbf5458fb10d43,7,4,3,,,,2025-08-27 12:33:59,
397,654260e4cee1d859487d9d55,4,2,2,,,,2025-08-27 12:33:59,
398,654687298899d14555abcbe7,3,1,2,,,,2025-08-27 12:33:59,
399,6547c2943cee97d57d754afd,14,9,5,,,,2025-08-27 12:33:59,
400,654cb78881c83fd10fcec87f,16,10,6,,,,2025-08-27 12:33:59,
401,654d08ac33aab46999c331bf,5,3,2,,,,2025-08-27 12:33:59,
402,654fd3f5c9561039ed10fcaa,3,1,2,,,,2025-08-27 12:33:59,
403,65510be170d62105c8d1a75b,2,1,1,,,,2025-08-27 12:33:59,
404,6551e8b5a6563d92a2281a0a,3,1,2,,,,2025-08-27 12:33:59,
405,6554ecdd6874254107dfe74b,8,4,4,,,,2025-08-27 12:33:59,
406,655b01604ecb99c4b528e901,4,2,2,,,,2025-08-27 12:33:59,
407,655c6f3e91159cd264f9332b,16,9,7,,,,2025-08-27 12:33:59,
408,655f2eb9ae3192fc22610c10,3,1,2,,,,2025-08-27 12:33:59,
409,6560e392cff6c7a549445d54,3,1,2,,,,2025-08-27 12:33:59,
410,656d644f2552b46d647ccfbf,5,3,2,,,,2025-08-27 12:33:59,
411,656daac29784aeec7a8e72bf,4,2,2,,,,2025-08-27 12:33:59,
412,6575f34e7a14145525e7a8ea,11,6,5,,,,2025-08-27 12:33:59,
413,657aa23a6c961aa05496398a,10,6,4,,,,2025-08-27 12:33:59,
414,657aa4b9a074d94bb8ae041b,3,2,1,,,,2025-08-27 12:33:59,
415,657c2e966ae4bd734b55f10e,15,8,7,,,,2025-08-27 12:33:59,
416,657e70720f3249ef2d98eca1,13,9,4,,,,2025-08-27 12:33:59,
417,657f2abd6b8795310bc59e10,3,1,2,,,,2025-08-27 12:33:59,
418,657fc8ceffc75f32d69e85df,7,4,3,,,,2025-08-27 12:33:59,
419,658001b01765d232cc7da2bd,6,3,3,,,,2025-08-27 12:33:59,
420,658077c7bf4f457b62794881,11,6,5,,,,2025-08-27 12:33:59,
421,6581f6557819f5feda2dd15a,6,3,3,,,,2025-08-27 12:33:59,
422,6584743a9c64108395b80a94,3,1,2,,,,2025-08-27 12:33:59,
423,658b1806da2f4d7fc14a2ff3,3,1,2,,,,2025-08-27 12:33:59,
424,658c4508b88626c8ece5b896,7,3,4,,,,2025-08-27 12:33:59,
425,65919939dfa168de9ce758b1,7,3,4,,,,2025-08-27 12:33:59,
426,65994479b7bdce99e3fb3b87,5,3,2,,,,2025-08-27 12:33:59,
427,659bbb8a2985c4d6adeb1910,7,3,4,,,,2025-08-27 12:33:59,
428,65a50959247c207e01161aa5,8,4,4,,,,2025-08-27 12:33:59,
429,65af424a8ed5529b10bd124a,4,2,2,,,,2025-08-27 12:33:59,
430,65af63f799103b8c4910c69e,12,6,6,,,,2025-08-27 12:33:59,
431,65aff2cae2b418eaf101dba9,4,3,1,,,,2025-08-27 12:33:59,
432,65b13c093fb66d834d9fe944,10,6,4,,,,2025-08-27 12:33:59,
433,65b26920e683d1d1338a9633,6,4,2,,,,2025-08-27 12:33:59,
434,65b7d416dc42d91c81563df9,3,2,1,,,,2025-08-27 12:33:59,
435,65bfa8902f8203f8cb485f39,9,4,5,,,,2025-08-27 12:33:59,
436,65c3d415f2a8ed4ebbeab961,4,2,2,,,,2025-08-27 12:33:59,
437,65c65f8e104caa82657c47f9,5,3,2,,,,2025-08-27 12:33:59,
438,65c79c3599218d2a9ff2d52a,5,3,2,,,,2025-08-27 12:33:59,
439,65c89106ac9d64810b326df7,5,2,3,,,,2025-08-27 12:33:59,
440,65c8eeb5adf47106971f6a33,7,4,3,,,,2025-08-27 12:33:59,
441,65c90e419f4c13c827443c72,4,2,2,,,,2025-08-27 12:33:59,
442,65d4be854f3e2978742eb737,6,3,3,,,,2025-08-27 12:33:59,
443,65de072e88bc66d8ccfbab0e,4,3,1,,,,2025-08-27 12:33:59,
444,65df136122104beb167f09fd,3,1,2,,,,2025-08-27 12:33:59,
445,65e3409ff4870d49477d3531,6,3,3,,,,2025-08-27 12:33:59,
446,65e600ba201722eb3384f87f,5,2,3,,,,2025-08-27 12:33:59,
447,65e6d70cde5abeb3f97161c7,3,1,2,,,,2025-08-27 12:33:59,
448,65e898f4e84ca23a8130f586,5,2,3,,,,2025-08-27 12:33:59,
449,65eaa50085ab61bcf1970b81,8,4,4,,,,2025-08-27 12:33:59,
450,65eaeb90371810f2ead11055,6,3,3,,,,2025-08-27 12:33:59,
451,65eeaf3dff5c0320e7b951e1,7,3,4,,,,2025-08-27 12:33:59,
452,65fc617171055b9a143434ba,11,6,5,,,,2025-08-27 12:33:59,
453,66011ce7a8731a972d10dba7,6,2,4,,,,2025-08-27 12:33:59,
454,660317455f1103d29be95be0,4,2,2,,,,2025-08-27 12:33:59,
455,6606bed65c5106c08515ccf5,19,8,11,,,,2025-08-27 12:33:59,
456,660ba2ea83b255b6a451bd4f,3,1,2,,,,2025-08-27 12:33:59,
457,6610392e3ef351ec613ba985,4,2,2,,,,2025-08-27 12:33:59,
458,6613d22872641414d891010a,4,2,2,,,,2025-08-27 12:33:59,
459,66181eff89837b92ad13f9fe,4,2,2,,,,2025-08-27 12:33:59,
460,661a7eb2d8360c62d67df6f7,3,1,2,,,,2025-08-27 12:33:59,
461,661aa9d558c229661957bcb3,5,3,2,,,,2025-08-27 12:33:59,
462,661ff40510d1026f70ccb6e3,3,1,2,,,,2025-08-27 12:33:59,
463,662098b3f6ab1b9fe6866a8a,7,3,4,,,,2025-08-27 12:33:59,
464,6622c54c91122861bfa6450c,4,2,2,,,,2025-08-27 12:33:59,
465,6624c1e74cee9110e1ab1835,12,6,6,,,,2025-08-27 12:33:59,
466,6624d7b7bdc4107e09aafa87,12,6,6,,,,2025-08-27 12:33:59,
467,6624e9b7af11be10105cbe27,6,3,3,,,,2025-08-27 12:33:59,
468,662501c1101f82d98fc83a3f,9,4,5,,,,2025-08-27 12:33:59,
469,662afa05c2a30ad4f25a9871,5,3,2,,,,2025-08-27 12:33:59,
470,662d7090ae7da401e6ab2628,4,2,2,,,,2025-08-27 12:33:59,
471,6631261ee91e5fa7d07910c1,6,3,3,,,,2025-08-27 12:33:59,
472,663225c4435850b0cccb9ab3,8,4,4,,,,2025-08-27 12:33:59,
473,6633a39157123d1053dce35f,5,3,2,,,,2025-08-27 12:33:59,
474,6633c08a263cce3b4d4f1610,8,5,3,,,,2025-08-27 12:33:59,
475,6634936f076fbaef5d05fd97,6,4,2,,,,2025-08-27 12:33:59,
476,6635319f9d6c69720c1fff7c,6,2,4,,,,2025-08-27 12:33:59,
477,6635e879134ddc251629cb32,3,1,2,,,,2025-08-27 12:33:59,
478,663768e8310691001a4f1d93,13,7,6,,,,2025-08-27 12:33:59,
479,6637a96bec887c43da2a710c,10,6,4,,,,2025-08-27 12:33:59,
480,6640f386fb3ce876c77de493,3,1,2,,,,2025-08-27 12:33:59,
481,6641bd7e8ecb4c355f983621,6,2,4,,,,2025-08-27 12:33:59,
482,66422dd500fe1d3647ba866d,10,5,5,,,,2025-08-27 12:33:59,
483,66439dcbc6bd8289a7e5b100,10,4,6,,,,2025-08-27 12:33:59,
484,6647638d8481016f6539e3f8,5,2,3,,,,2025-08-27 12:33:59,
485,66498ff8ec6a10c9d314a537,7,3,4,,,,2025-08-27 12:33:59,
486,664b08a4386c710ad319ec24,25,19,6,,,,2025-08-27 12:33:59,
487,664dffa2246783aeee45a953,17,11,6,,,,2025-08-27 12:33:59,
488,665084f0b725d8107d9fe810,16,10,6,,,,2025-08-27 12:33:59,
489,6658893aea8d65253910db24,1,0,1,,,,2025-08-27 12:33:59,
490,665ad9088b88d0d2499e1079,21,11,10,,,,2025-08-27 12:34:00,
491,665b46d2af212cb2bed10c45,8,5,3,,,,2025-08-27 12:34:00,
492,665f4256b194e8efb795d103,18,9,9,,,,2025-08-27 12:34:00,
493,6668247fd93853fd14f1729b,4,2,2,,,,2025-08-27 12:34:00,
494,666936a7afe5ab76a256ec6b,9,4,5,,,,2025-08-27 12:34:00,
495,6669c6347a783ccf53dc3410,4,3,1,,,,2025-08-27 12:34:00,
496,666a0427d27a857ea2e148d2,7,4,3,,,,2025-08-27 12:34:00,
497,666bcfff224fa2658e10fa94,7,4,3,,,,2025-08-27 12:34:00,
498,666c7ffb5b869fb91062857d,3,2,1,,,,2025-08-27 12:34:00,
499,666da8bd12c31a53771063c3,3,1,2,,,,2025-08-27 12:34:00,
500,6674645961483c2baee855fb,8,6,2,,,,2025-08-27 12:34:00,
501,667533562de558eeb52e8f3f,22,11,11,,,,2025-08-27 12:34:00,
502,667557942cfbd6bcc5f0a212,7,4,3,,,,2025-08-27 12:34:00,
503,66767c8e9dff246ccb03107c,3,1,2,,,,2025-08-27 12:34:00,
504,667c37038b4454371d8b74a1,8,4,4,,,,2025-08-27 12:34:00,
505,667d807e7e3fae3c06fffbbb,3,1,2,,,,2025-08-27 12:34:00,
506,667ef83369183f9570801181,13,7,6,,,,2025-08-27 12:34:00,
507,668d663c10f3d63ad555f3b7,9,5,4,,,,2025-08-27 12:34:00,
508,668d85213fec54c88e880633,4,1,3,,,,2025-08-27 12:34:00,
509,6696314dae9710e035f44eb5,5,3,2,,,,2025-08-27 12:34:00,
510,669e4c1ce8d8c74783c249bc,17,13,4,,,,2025-08-27 12:34:00,
511,669e85e062f59ac26bcb494f,16,8,8,,,,2025-08-27 12:34:00,
512,66a3857a625640a5b595a951,4,2,2,,,,2025-08-27 12:34:00,
513,66a7bc68c11313ab10f1aef8,3,1,2,,,,2025-08-27 12:34:00,
514,66ab904fd5a07c6e65f2720c,16,10,6,,,,2025-08-27 12:34:00,
515,66af000b10ff93f65576a102,13,8,5,,,,2025-08-27 12:34:00,
516,66b48a37c8f2375462bca962,6,3,3,,,,2025-08-27 12:34:00,
517,66b637ba72dddbbd15dc044c,12,7,5,,,,2025-08-27 12:34:00,
518,66ba7563a10b7ab58cc4467c,11,5,6,,,,2025-08-27 12:34:00,
519,66bc929a93fd4b8de18133ea,6,2,4,,,,2025-08-27 12:34:00,
520,66c0a0ea7566a3c9ec724ee2,11,7,4,,,,2025-08-27 12:34:00,
521,66c4b0f56b9e2f544c05423b,4,2,2,,,,2025-08-27 12:34:00,
522,66c5ade068f93463bf0e10a8,6,2,4,,,,2025-08-27 12:34:00,
523,66c7447fd1144f5a4a0fdb0d,8,4,4,,,,2025-08-27 12:34:00,
524,66c853ff6dab5c0107330355,7,4,3,,,,2025-08-27 12:34:00,
525,66cb6c83321734485e5b59fc,22,10,12,,,,2025-08-27 12:34:00,
526,66cb6c96f8e32f65f81efe16,13,6,7,,,,2025-08-27 12:34:00,
527,66cc1f66595e544e8d2cd5ea,5,2,3,,,,2025-08-27 12:34:00,
528,66d19f11322f1f196584b9f7,23,13,10,,,,2025-08-27 12:34:00,
529,66d3743480103837949aa01e,13,6,7,,,,2025-08-27 12:34:00,
530,66d611d3b8c11cb3a2fe5b60,3,2,1,,,,2025-08-27 12:34:00,
531,66d88434326dc4107662326e,19,13,6,,,,2025-08-27 12:34:00,
532,66d9e76d64431686fde364f1,3,1,2,,,,2025-08-27 12:34:00,
533,66e1ba79fb3e25a54b14c128,5,4,1,,,,2025-08-27 12:34:00,
534,66e539ae72aa961fe69901c7,7,5,2,,,,2025-08-27 12:34:00,
535,66ebf04b77437989441010a6,5,2,3,,,,2025-08-27 12:34:00,
536,66efede3b36f6244e3bd6137,22,12,10,,,,2025-08-27 12:34:00,
537,66f7cf703ba62944578c4edd,5,2,3,,,,2025-08-27 12:34:00,
538,66f7fd97b8eb10c9c6083db3,14,7,7,,,,2025-08-27 12:34:00,
539,66f8308812dc93523fb8c103,4,2,2,,,,2025-08-27 12:34:00,
540,66fc1f5e5f55157bccd5dced,6,3,3,,,,2025-08-27 12:34:00,
541,67017365838e48da112f4e65,15,8,7,,,,2025-08-27 12:34:00,
542,6705486e99433cffe3a5a8f6,5,3,2,,,,2025-08-27 12:34:00,
543,67066ffe659ecbe5105c6638,5,2,3,,,,2025-08-27 12:34:00,
544,6707d94bc73f8ba18933fe21,4,1,3,,,,2025-08-27 12:34:00,
545,670b882f5c723789fd78669f,9,5,4,,,,2025-08-27 12:34:00,
546,6713b8a474441da01f12e61d,4,2,2,,,,2025-08-27 12:34:00,
547,67140db9b72ad45b18cc39f2,4,2,2,,,,2025-08-27 12:34:00,
548,6721ec76387ec5c73d7f4a0b,6,3,3,,,,2025-08-27 12:34:00,
549,6725abffb92987324f39b10d,3,1,2,,,,2025-08-27 12:34:00,
550,672e4492e76bc65aac41e684,7,4,3,,,,2025-08-27 12:34:00,
551,673b33d6e5e8146cdc5fe0e4,14,8,6,,,,2025-08-27 12:34:00,
552,67444019027c19648ce5e711,5,2,3,,,,2025-08-27 12:34:00,
553,674449ef92ffabc101062ca6,10,4,6,,,,2025-08-27 12:34:00,
554,6744a5fac19389cb195dfdbc,6,3,3,,,,2025-08-27 12:34:00,
555,6746b9f21a537c3b82102fcf,4,2,2,,,,2025-08-27 12:34:00,
556,674b001aabce85c31f84d0df,6,3,3,,,,2025-08-27 12:34:00,
557,674fef17d0b6eda3261050cd,5,2,3,,,,2025-08-27 12:34:00,
558,67503df1aeec75dcad4a7dfb,7,4,3,,,,2025-08-27 12:34:00,
559,675477fb2350c20d19ebe228,3,1,2,,,,2025-08-27 12:34:00,
560,6761b9513528b4ba7b788e75,3,1,2,,,,2025-08-27 12:34:00,
561,6761f5248b36a1c519fc8fb5,3,1,2,,,,2025-08-27 12:34:00,
562,67625e94984115531efadee5,3,2,1,,,,2025-08-27 12:34:00,
563,6763ca84eca7798f3b8af4d2,6,3,3,,,,2025-08-27 12:34:00,
564,67643910e66e1a9a53e04a60,5,2,3,,,,2025-08-27 12:34:00,
565,6765195ed8f57a62101dc8cc,9,5,4,,,,2025-08-27 12:34:00,
566,6765266685104eeb44e53d42,6,3,3,,,,2025-08-27 12:34:00,
567,6767b6ca39ba85936d1fed2c,3,1,2,,,,2025-08-27 12:34:00,
568,676e7a7ea1347ad39a5837b3,9,4,5,,,,2025-08-27 12:34:00,
569,6776c41a13ba8985a66102fb,3,1,2,,,,2025-08-27 12:34:00,
570,67781a745d7d74b22f336c41,6,2,4,,,,2025-08-27 12:34:00,
571,67822d5f87bef419ed121087,4,1,3,,,,2025-08-27 12:34:00,
572,67909648336fb631037c43d9,5,2,3,,,,2025-08-27 12:34:00,
573,679536b48c566b9765981078,3,1,2,,,,2025-08-27 12:34:00,
574,67966d2992e1bf77c3db8455,8,4,4,,,,2025-08-27 12:34:00,
575,679746cfae567f2121e10fb3,5,3,2,,,,2025-08-27 12:34:00,
576,67975556bcaa7130762f46f5,9,4,5,,,,2025-08-27 12:34:00,
577,679cf81d3e350e9a15710664,5,3,2,,,,2025-08-27 12:34:00,
578,67a363e76d1a8be4eb01ebdf,4,2,2,,,,2025-08-27 12:34:00,
579,67ae23661b86158eac9c18d1,8,3,5,,,,2025-08-27 12:34:00,
580,67af7c0a6106f10adb3571d1,5,2,3,,,,2025-08-27 12:34:00,
581,67af962e59713929c4d45a59,8,3,5,,,,2025-08-27 12:34:00,
582,67b07de8c1464e5ca5ae14e3,6,3,3,,,,2025-08-27 12:34:00,
583,67b09e2c31c827d32f25f6a2,3,1,2,,,,2025-08-27 12:34:00,
584,67b15b2dcbdf3663c8408e5e,4,2,2,,,,2025-08-27 12:34:00,
585,67b218b5f5acf7e48a2557ad,8,6,2,,,,2025-08-27 12:34:00,
586,67cc5accef3b62ae8891f0ca,8,4,4,,,,2025-08-27 12:34:00,
587,67cdf2f22ce38b91bdee1fd2,3,1,2,,,,2025-08-27 12:34:00,
588,67ceffd6e101033390c34c11,8,5,3,,,,2025-08-27 12:34:00,
589,67cf113471198c10e729962f,6,3,3,,,,2025-08-27 12:34:00,
590,67d1cb66fc95655b106e7641,4,2,2,,,,2025-08-27 12:34:00,
591,67d2a5e394dd56ec0bd5e273,4,2,2,,,,2025-08-27 12:34:00,
592,67d2a93172bd5426b5dac64f,5,3,2,,,,2025-08-27 12:34:00,
593,67d5ab3556d51cc18316b90d,7,4,3,,,,2025-08-27 12:34:00,
594,67d5b28ebcfaceb347e858b8,5,2,3,,,,2025-08-27 12:34:00,
595,67d7115f665c98d1b13cba86,6,4,2,,,,2025-08-27 12:34:00,
596,67d7b660daed8ef21b1a94ca,3,1,2,,,,2025-08-27 12:34:00,
597,67db215ebc9fd1e96b8f0b87,8,4,4,,,,2025-08-27 12:34:00,
598,67ddbfea11552c73c6d100c4,2,1,1,,,,2025-08-27 12:34:00,
599,67e01bd3daba0d7f89517105,2,1,1,,,,2025-08-27 12:34:00,
600,67e1771f339fcea8f016bd94,6,3,3,,,,2025-08-27 12:34:00,
601,67e2a71871063ce36a46610c,5,2,3,,,,2025-08-27 12:34:00,
602,67e69a767653e772c5ab1004,12,6,6,,,,2025-08-27 12:34:00,
603,67e6bf08b92dc6b410743e21,15,9,6,,,,2025-08-27 12:34:00,
604,67e6bf08e0da11abb4b6b8a1,25,15,10,,,,2025-08-27 12:34:00,
605,67e7984e4e4bdb107aa334db,6,3,3,,,,2025-08-27 12:34:00,
606,67e7aaa1692d1196dfe4df57,11,7,4,,,,2025-08-27 12:34:00,
607,67e7bd41b10918757b816f75,27,17,10,,,,2025-08-27 12:34:00,
608,67ea71fe305ecc8d551020a5,3,1,2,,,,2025-08-27 12:34:00,
609,67ec298071715429d8110191,4,3,1,,,,2025-08-27 12:34:00,
610,67ed989e8a10e3dbaafc992b,3,1,2,,,,2025-08-27 12:34:00,
611,67efc60743879a8d9836ac2d,3,1,2,,,,2025-08-27 12:34:00,
612,67f5451d1c23b9781754d88a,8,5,3,,,,2025-08-27 12:34:00,
613,67f8ccbabfd355b1c1011d98,4,3,1,,,,2025-08-27 12:34:00,
614,67f9229d0681356ea6c128b9,12,9,3,,,,2025-08-27 12:34:00,
615,67fbade8a343b94323732c3d,11,6,5,,,,2025-08-27 12:34:00,
616,67ff36c9cc5ca5351e2e880b,10,5,5,,,,2025-08-27 12:34:00,
617,680164a2c5297f873e6444f4,8,5,3,,,,2025-08-27 12:34:00,
618,6803bd3ddd7be1049f887118,19,11,8,,,,2025-08-27 12:34:00,
619,6803c6448b9bfb910a262fb9,7,4,3,,,,2025-08-27 12:34:00,
620,680a92fd874f0f64962de906,6,3,3,,,,2025-08-27 12:34:00,
621,680c6fb837ea316d88c1d1d1,5,2,3,,,,2025-08-27 12:34:00,
622,680c79d8c95610bcb018f03d,4,2,2,,,,2025-08-27 12:34:00,
623,680cd18aae214462e9bc5aed,7,3,4,,,,2025-08-27 12:34:00,
624,680f2248b48c952e89d8d3b4,17,7,10,,,,2025-08-27 12:34:00,
625,6811fd25f845d12788cc4808,5,3,2,,,,2025-08-27 12:34:00,
626,6819caa075a9bc818ff5de9a,4,2,2,,,,2025-08-27 12:34:00,
627,681af7004cd80cbaed66fcff,5,4,1,,,,2025-08-27 12:34:00,
628,681db6a514e810490f6e1042,3,2,1,,,,2025-08-27 12:34:00,
629,681dcd66d71004833b9917ef,6,4,2,,,,2025-08-27 12:34:00,
630,682035d1cbff0abc8a92aec2,5,3,2,,,,2025-08-27 12:34:00,
631,6821c513a7dbb10ec1dc6a41,36,22,14,,,,2025-08-27 12:34:00,
632,68234f8b7a84c494a74293f1,2,1,1,,,,2025-08-27 12:34:00,
633,68237727c75ab9ad4cf03096,7,4,3,,,,2025-08-27 12:34:00,
634,68244fddddcea2c12361a221,4,2,2,,,,2025-08-27 12:34:00,
635,6827762df779cde16b8511f5,10,5,5,,,,2025-08-27 12:34:00,
636,68283283bb39f9d4c5149710,3,1,2,,,,2025-08-27 12:34:00,
637,6828b3989d2c5cdf68d3dd3c,3,1,2,,,,2025-08-27 12:34:00,
638,682cabc885ebccc3bc90da47,7,4,3,,,,2025-08-27 12:34:00,
639,6830a26b2ad10b8f9d109d7b,3,1,2,,,,2025-08-27 12:34:00,
640,6835a5fdc0dff7338dc7d256,4,2,2,,,,2025-08-27 12:34:00,
641,6835ac9b701057766b22302e,3,2,1,,,,2025-08-27 12:34:00,
642,683d6eb63e1399ab10399e32,9,4,5,,,,2025-08-27 12:34:00,
643,683daa3ed10284f941577341,6,2,4,,,,2025-08-27 12:34:00,
644,6840445295c4950ad0e75a2f,4,2,2,,,,2025-08-27 12:34:00,
645,6842dd9f81411210161873e6,3,1,2,,,,2025-08-27 12:34:00,
646,6842f15fb4bc3356f1e096c4,4,2,2,,,,2025-08-27 12:34:00,
647,6844f1bb86b1b5310554a4d4,16,7,9,,,,2025-08-27 12:34:00,
648,684526bb10c9f2f6922724d9,4,2,2,,,,2025-08-27 12:34:00,
649,68481a06f2483d1057ff7fbc,2,1,1,,,,2025-08-27 12:34:00,
650,684844ea5120af5e88fc7388,14,7,7,,,,2025-08-27 12:34:00,
651,68496255165242abe47966a1,24,16,8,,,,2025-08-27 12:34:00,
652,684986f876952fc05a10f3e7,16,9,7,,,,2025-08-27 12:34:00,
653,684eaf67c3d2eb854f539a0b,9,5,4,,,,2025-08-27 12:34:00,
654,685102ac6b21c538b102bf59,5,2,3,,,,2025-08-27 12:34:00,
655,685a5301b85fa682453b1110,4,2,2,,,,2025-08-27 12:34:00,
656,6861049e2924810b3f7faa18,3,1,2,,,,2025-08-27 12:34:00,
657,686275a4bc6eaee965224936,12,5,7,,,,2025-08-27 12:34:00,
658,68629f4c9742845f5bd14271,4,2,2,,,,2025-08-27 12:34:00,
659,6862d7363e382d231ea10206,3,1,2,,,,2025-08-27 12:34:00,
660,686553f4b0cef1dfbcaf358d,9,3,6,,,,2025-08-27 12:34:00,
661,68667763e27167ffe2eaebfd,28,16,12,,,,2025-08-27 12:34:00,
662,686d409ee81095ccef5fd771,3,1,2,,,,2025-08-27 12:34:00,
663,686e54d0e13466e3d80a337d,3,1,2,,,,2025-08-27 12:34:00,
664,686f72befd4365165cd2b103,9,5,4,,,,2025-08-27 12:34:00,
665,686fbb74928531be775114e4,8,5,3,,,,2025-08-27 12:34:00,
666,6870ca0ab7458eb7184489c4,8,4,4,,,,2025-08-27 12:34:00,
667,6870d937675c7023557264f7,17,11,6,,,,2025-08-27 12:34:00,
668,6870d938c62109100910cc21,5,3,2,,,,2025-08-27 12:34:00,
669,687158cbcfdab10bd1096e56,10,5,5,,,,2025-08-27 12:34:00,
670,68729f28edacf68372aceada,12,6,6,,,,2025-08-27 12:34:00,
671,6872a8ec915b4e6847109efb,5,2,3,,,,2025-08-27 12:34:00,
672,6872ce9184da9876cce4e727,12,6,6,,,,2025-08-27 12:34:00,
673,6874e5089da176a9843dc862,6,2,4,,,,2025-08-27 12:34:00,
674,68766099fb84718e4d8c7594,10,6,4,,,,2025-08-27 12:34:00,
675,6877ebeb47ce9e7b0ce6f64e,9,5,4,,,,2025-08-27 12:34:00,
676,6879e4515ba237016892e344,3,1,2,,,,2025-08-27 12:34:00,
677,687a3e1775a3285eb5392106,5,3,2,,,,2025-08-27 12:34:00,
678,687bd7e2374e614cdd363617,8,5,3,,,,2025-08-27 12:34:00,
679,687d20ecb7416a95fa5aa1e1,5,3,2,,,,2025-08-27 12:34:01,
680,68832c0d604ef8b5210d85d6,3,1,2,,,,2025-08-27 12:34:01,
681,6884d165813d93d0b8e7be21,5,3,2,,,,2025-08-27 12:34:01,
682,68866fc3102ca7104eb1fe26,4,3,1,,,,2025-08-27 12:34:01,
683,688672d98dd39e967d6f10a6,11,8,3,,,,2025-08-27 12:34:01,
684,6886b52bb3a8f8a43e610323,6,4,2,,,,2025-08-27 12:34:01,
685,68885e4fe9a5eed527ec5810,8,4,4,,,,2025-08-27 12:34:01,
686,6888799bfe9949fadf457c89,8,4,4,,,,2025-08-27 12:34:01,
687,6888a3195133c5a88a45de5d,2,1,1,,,,2025-08-27 12:34:01,
688,6889bdd587ad4a7d154c12a9,7,4,3,,,,2025-08-27 12:34:01,
689,6889bf5a40d3653b155be408,5,3,2,,,,2025-08-27 12:34:01,
690,688bad5227f065127af108e4,15,9,6,,,,2025-08-27 12:34:01,
691,688dad657d227303e7dfd310,3,1,2,,,,2025-08-27 12:34:01,
692,688df7539f22a006a10da2a3,6,3,3,,,,2025-08-27 12:34:01,
693,688f0c52e2b27cb610d1dc67,5,2,3,,,,2025-08-27 12:34:01,
694,688f9764f6265f2d985419e3,7,3,4,,,,2025-08-27 12:34:01,
695,689036b1b9241c882aa976df,5,2,3,,,,2025-08-27 12:34:01,
696,6890f7c3dc85d533de0eed71,3,1,2,,,,2025-08-27 12:34:01,
697,68911433dc4dc55108893a16,3,2,1,,,,2025-08-27 12:34:01,
698,6891ebd69aecc46d9385c237,3,1,2,,,,2025-08-27 12:34:01,
699,689253ca2b72112b1210cfd3,21,13,8,,,,2025-08-27 12:34:01,
700,689340c6a55e710452b35d2c,3,1,2,,,,2025-08-27 12:34:01,
701,6894da5f796721a2eec62406,9,4,5,,,,2025-08-27 12:34:01,
702,68958f7b69fc58feec72aa20,2,1,1,,,,2025-08-27 12:34:01,
703,6895b8abc5bcb9318e3dc2d1,15,9,6,,,,2025-08-27 12:34:01,
704,68961c85039d9e8820855733,3,1,2,,,,2025-08-27 12:34:01,
705,68963b0574b076cb8dd81084,10,4,6,,,,2025-08-27 12:34:01,
706,6896e72eab795c67cd10dc1b,3,2,1,,,,2025-08-27 12:34:01,
707,68972d64d903d59c6810bff8,15,9,6,,,,2025-08-27 12:34:01,
708,6897569ffbe95d733692818f,11,6,5,,,,2025-08-27 12:34:01,
709,689797cc373f631358c3a7cf,7,3,4,,,,2025-08-27 12:34:01,
710,6897e319a5f52393aae5a678,17,7,10,,,,2025-08-27 12:34:01,
711,6898d8e8945c21d10c433a0b,15,8,7,,,,2025-08-27 12:34:01,
712,68999678f04720b5987e719c,15,9,6,,,,2025-08-27 12:34:01,
713,6899d3d123f89b3f22477f1c,5,2,3,,,,2025-08-27 12:34:01,
714,6899dc941fb5e08981954382,13,6,7,,,,2025-08-27 12:34:01,
715,689a2f9c2abf70e283ec5549,27,15,12,,,,2025-08-27 12:34:01,
716,689a3da8fcbe34e81061c985,11,5,6,,,,2025-08-27 12:34:01,
717,689a5e0f7a5d21546864b7cd,10,5,5,,,,2025-08-27 12:34:01,
718,689a958ff1064a6f4a22dbcf,6,2,4,,,,2025-08-27 12:34:01,
719,689ae8e3bd752156989cad92,17,9,8,,,,2025-08-27 12:34:01,
720,689b21307b7c1a7e414e5e98,10,5,5,,,,2025-08-27 12:34:01,
721,689b39c90aa8510623d19fd0,4,2,2,,,,2025-08-27 12:34:01,
722,689b3e51adcfe031206dca9d,15,4,11,,,,2025-08-27 12:34:01,
723,689b61ea961d3a6eac54f10f,11,3,8,,,,2025-08-27 12:34:01,
724,689b6544d9d84cdf6de53813,9,2,7,,,,2025-08-27 12:34:01,
725,689b6c0eda6d51d50f4975de,11,5,6,,,,2025-08-27 12:34:01,
726,689b6dd84d3232aa42b627df,7,1,6,,,,2025-08-27 12:34:01,
727,689b6dd87f41cd24792d10c7,8,2,6,,,,2025-08-27 12:34:01,
728,689b7534ae34938b2e4318d5,9,3,6,,,,2025-08-27 12:34:01,
729,689b7736ac2249fb2063baa1,9,2,7,,,,2025-08-27 12:34:01,
730,689b7746021a15d1013f7dac,7,2,5,,,,2025-08-27 12:34:01,
731,689b81a715cc8d7523e859cb,9,2,7,,,,2025-08-27 12:34:01,
732,689b81a77c388198ab3eb665,7,4,3,,,,2025-08-27 12:34:01,
733,689b86e5c253bc02256b1104,5,1,4,,,,2025-08-27 12:34:01,
734,689b8a4414ed983dd21036a6,7,2,5,,,,2025-08-27 12:34:01,
735,689b8d9f10d4c84ceefb6a65,13,4,9,,,,2025-08-27 12:34:01,
736,689b92b29841eb11801098c6,8,2,6,,,,2025-08-27 12:34:01,
737,689b9d30f254101ab16a12dd,5,2,3,,,,2025-08-27 12:34:01,
738,689ba2589ef4585510af31e4,8,4,4,,,,2025-08-27 12:34:01,
739,689ba41c156afdd72bc2a7b4,6,3,3,,,,2025-08-27 12:34:01,
740,689ba41c2e983816723834d6,5,2,3,,,,2025-08-27 12:34:01,
741,689ba5a2e1d447378527e19b,6,3,3,,,,2025-08-27 12:34:01,
742,689ba5a2f3aee10f6a910bb1,7,3,4,,,,2025-08-27 12:34:01,
743,689ba5a2f91ae7c1be7aaf8c,7,3,4,,,,2025-08-27 12:34:01,
744,689ba5a4266113a4916cd835,5,2,3,,,,2025-08-27 12:34:01,
745,689ba8150a2bf4a7801e102e,4,2,2,,,,2025-08-27 12:34:01,
746,689ba9e416e27b34ded70f7d,6,3,3,,,,2025-08-27 12:34:01,
747,689ba9e56643b78bc434fd04,7,2,5,,,,2025-08-27 12:34:01,
748,689ba9ee08e922b85941006d,6,1,5,,,,2025-08-27 12:34:01,
749,689babe3aee1044ce1150c33,6,4,2,,,,2025-08-27 12:34:01,
750,689babe42f2bff10743abd65,5,2,3,,,,2025-08-27 12:34:01,
751,689badb62496e08af8db523a,4,2,2,,,,2025-08-27 12:34:01,
752,689bae46a4a64b706b2510e1,6,2,4,,,,2025-08-27 12:34:01,
753,689bb0fa316ade535348c2e1,3,1,2,,,,2025-08-27 12:34:01,
754,689bb0fb2929cadb5fb8db10,6,4,2,,,,2025-08-27 12:34:01,
755,689bb0fb65628c458f3b44a1,6,2,4,,,,2025-08-27 12:34:01,
756,689bb0fbb3a623c2cd7bf5c9,4,2,2,,,,2025-08-27 12:34:01,
757,689bb0fbb41a3794982fd93f,7,4,3,,,,2025-08-27 12:34:01,
758,689bb102010947df5235c9f9,6,2,4,,,,2025-08-27 12:34:01,
759,689bb85e44218f89faea8b79,8,4,4,,,,2025-08-27 12:34:01,
760,689bcef128b1b8e7bded17a1,4,2,2,,,,2025-08-27 12:34:01,
761,689c07ceed6632ba787f10e9,5,1,4,,,,2025-08-27 12:34:01,
762,689c0bb62c6d74b140a4e69a,5,3,2,,,,2025-08-27 12:34:01,
763,689c0fa5210101f7aad7f88f,7,4,3,,,,2025-08-27 12:34:01,
764,689c10f51c88e9d4f7aa020f,4,2,2,,,,2025-08-27 12:34:01,
765,689c1153b8367684e53a4584,5,2,3,,,,2025-08-27 12:34:01,
766,689c13ff2cdd4f4c894db2d6,6,4,2,,,,2025-08-27 12:34:01,
767,689c18121ec42e50cfd1a811,6,3,3,,,,2025-08-27 12:34:01,
768,689c18129a2e8a7010f523b9,3,1,2,,,,2025-08-27 12:34:01,
769,689c1aee3d1172e12a7e221a,5,2,3,,,,2025-08-27 12:34:01,
770,689c1f8ab853c87e9079ac07,4,2,2,,,,2025-08-27 12:34:01,
771,689c20fe74a1fe339e80465e,3,1,2,,,,2025-08-27 12:34:01,
772,689c20ff9339ce27b9e2fd45,5,2,3,,,,2025-08-27 12:34:01,
773,689c226d279013431108b8b5,4,2,2,,,,2025-08-27 12:34:01,
774,689c226eb4a26f7b16ff7568,4,2,2,,,,2025-08-27 12:34:01,
775,689c23d8bc19c7482967af14,6,2,4,,,,2025-08-27 12:34:01,
776,689c25672caf246d14b6a9af,5,2,3,,,,2025-08-27 12:34:01,
777,689c26e32fb34de36863f210,4,2,2,,,,2025-08-27 12:34:01,
778,689c28544d2c76a14a8645a4,5,2,3,,,,2025-08-27 12:34:01,
779,689c29d198a639683a7b6927,4,2,2,,,,2025-08-27 12:34:01,
780,689c2b4b88514e6963bfa176,5,3,2,,,,2025-08-27 12:34:01,
781,689c2cccdaad085285495fea,4,2,2,,,,2025-08-27 12:34:01,
782,689c2cce7fb74be4c393f221,5,3,2,,,,2025-08-27 12:34:01,
783,689c2e47cf925c937b36d28c,6,3,3,,,,2025-08-27 12:34:01,
784,689c2e9e8234e617410cac21,4,2,2,,,,2025-08-27 12:34:01,
785,689c2fd5abb9680103e103ff,4,3,1,,,,2025-08-27 12:34:01,
786,689c3064fd3152f7a53b232d,5,3,2,,,,2025-08-27 12:34:01,
787,689c33644106cc6018dcef5d,5,2,3,,,,2025-08-27 12:34:01,
788,689c3366409d2af32d89100d,5,3,2,,,,2025-08-27 12:34:01,
789,689c353abe8d9afb4b4de653,6,3,3,,,,2025-08-27 12:34:01,
790,689c37f1f4677b499d1c103d,6,2,4,,,,2025-08-27 12:34:01,
791,689c3ae756c35da72d2d352e,7,3,4,,,,2025-08-27 12:34:01,
792,689c3c6aa4f7f600ad0110f5,5,2,3,,,,2025-08-27 12:34:01,
793,689c3c6ce7899fe31f8743c4,5,3,2,,,,2025-08-27 12:34:01,
794,689c3fa590c3605fef9104b8,3,2,1,,,,2025-08-27 12:34:01,
795,689c412f62d621c3c6410ff1,4,2,2,,,,2025-08-27 12:34:01,
796,689c4130d72a5398dd9ae7cc,4,2,2,,,,2025-08-27 12:34:01,
797,689c45d3e6f48618b83cb88e,2,1,1,,,,2025-08-27 12:34:01,
798,689c477b10b87d836abdbf00,6,3,3,,,,2025-08-27 12:34:01,
799,689c49b5ccf16f941f7e15e8,4,2,2,,,,2025-08-27 12:34:01,
800,689c503642c91c9b838fb03b,4,2,2,,,,2025-08-27 12:34:01,
801,689c5038ddd35a9f422a6076,5,1,4,,,,2025-08-27 12:34:01,
802,689c51d0f9c359e8f95fbca2,3,1,2,,,,2025-08-27 12:34:01,
803,689c5894887f9dc2da783541,4,2,2,,,,2025-08-27 12:34:01,
804,689c5a2d23126ba91b791068,3,1,2,,,,2025-08-27 12:34:01,
805,689c5a2e82964a49e1cba104,8,6,2,,,,2025-08-27 12:34:01,
806,689c63abe6cb6c61632f1b10,4,1,3,,,,2025-08-27 12:34:01,
807,689c6540d1010273fe35a267,6,3,3,,,,2025-08-27 12:34:01,
808,689c66c8b305230755e11262,6,3,3,,,,2025-08-27 12:34:01,
809,689c66c93afe5737c7089744,5,1,4,,,,2025-08-27 12:34:01,
810,689c6e6652eb6631ac6dca85,5,3,2,,,,2025-08-27 12:34:01,
811,689c6feaa4228591bc8dff5e,5,2,3,,,,2025-08-27 12:34:01,
812,689c72d0af6e4790239695aa,4,2,2,,,,2025-08-27 12:34:01,
813,689c7450a10b64c5fcbec982,4,2,2,,,,2025-08-27 12:34:01,
814,689c75d58a4facfdec56626e,3,2,1,,,,2025-08-27 12:34:01,
815,689c77757915b81ee9b2e2b8,5,3,2,,,,2025-08-27 12:34:01,
816,689c7a85825841f96a00bfe6,4,2,2,,,,2025-08-27 12:34:01,
817,689c7a86534614a14101c7ae,5,3,2,,,,2025-08-27 12:34:01,
818,689c7c754bac710e78f29f6a,4,2,2,,,,2025-08-27 12:34:01,
819,689c7c75d251649edcfeb2e2,3,1,2,,,,2025-08-27 12:34:01,
820,689c7e01abc0b5b85cc32d10,4,2,2,,,,2025-08-27 12:34:01,
821,689c7e01e88d4175256321de,4,2,2,,,,2025-08-27 12:34:01,
822,689c7f842ecfea513c8f4714,6,2,4,,,,2025-08-27 12:34:01,
823,689c7f852423a5b005fcf73a,4,2,2,,,,2025-08-27 12:34:01,
824,689c7f85468948571bec07e7,3,1,2,,,,2025-08-27 12:34:01,
825,689c810a5a4b00e94903c756,3,2,1,,,,2025-08-27 12:34:01,
826,689c8184294505999d63c551,3,1,2,,,,2025-08-27 12:34:01,
827,689c8184e3109aba4f4993ba,7,4,3,,,,2025-08-27 12:34:01,
828,689c8308bdb9ce5867e1dae1,4,2,2,,,,2025-08-27 12:34:01,
829,689c83094a1a20ef9a05fe24,6,3,3,,,,2025-08-27 12:34:01,
830,689c860184d7a529a9197cfb,3,1,2,,,,2025-08-27 12:34:01,
831,689c89706135eee288b85879,4,2,2,,,,2025-08-27 12:34:01,
832,689c8c75c3c10eb12a9024ff,4,1,3,,,,2025-08-27 12:34:01,
833,689c8e712372a3c4851b641f,4,2,2,,,,2025-08-27 12:34:01,
834,689c8e726ed39b4fd5a67f42,10,5,5,,,,2025-08-27 12:34:01,
835,689c8ff17542c8c02eb6310f,4,2,2,,,,2025-08-27 12:34:01,
836,689c917f8fc0c92310296ed8,7,3,4,,,,2025-08-27 12:34:01,
837,689c947710f8f242a6debce6,8,4,4,,,,2025-08-27 12:34:01,
838,689c977b3f4e9db01179d24a,4,2,2,,,,2025-08-27 12:34:01,
839,689c977b6be9f1f08b128fef,4,2,2,,,,2025-08-27 12:34:01,
840,689c977c49d7fa9b6f755329,3,1,2,,,,2025-08-27 12:34:01,
841,689c9901ef429ca3c657a5a9,5,2,3,,,,2025-08-27 12:34:01,
842,689c9e6162e572c2f2291787,5,2,3,,,,2025-08-27 12:34:01,
843,689c9e61f90d87bed4711a85,4,2,2,,,,2025-08-27 12:34:01,
844,689c9ff0199f44e8f710e7cb,4,2,2,,,,2025-08-27 12:34:01,
845,689ca4b5d752c3ebceb21083,5,3,2,,,,2025-08-27 12:34:01,
846,689ca4b64cef58e52e8092f7,4,2,2,,,,2025-08-27 12:34:01,
847,689ca4b76bd3de27265f9da5,4,1,3,,,,2025-08-27 12:34:01,
848,689ca645394ce83add04ed18,6,3,3,,,,2025-08-27 12:34:01,
849,689ca7daa1cbd9eb9103d552,7,4,3,,,,2025-08-27 12:34:01,
850,689ca7dcd855ed6e8156a3b3,5,3,2,,,,2025-08-27 12:34:01,
851,689cab0010556befa74dd33f,5,3,2,,,,2025-08-27 12:34:01,
852,689caca33293737682fd24bb,4,2,2,,,,2025-08-27 12:34:01,
853,689cae2eceebdc2e1c5f49a4,6,3,3,,,,2025-08-27 12:34:01,
854,689cb141587e2bf7efd2bceb,6,3,3,,,,2025-08-27 12:34:01,
855,689cb6242d3e6f54f41b9621,4,2,2,,,,2025-08-27 12:34:01,
856,689cb62c7610dd81478a3c7a,3,1,2,,,,2025-08-27 12:34:01,
857,689cb803cc592910c3ac8803,4,2,2,,,,2025-08-27 12:34:01,
858,689cb80bc562be019aaf9507,5,2,3,,,,2025-08-27 12:34:01,
859,689cba0f9e12abfcee1010c4,3,2,1,,,,2025-08-27 12:34:01,
860,689cbb4785e4c73910134010,4,2,2,,,,2025-08-27 12:34:01,
861,689cbcda8b1d6ef10120fa21,7,3,4,,,,2025-08-27 12:34:01,
862,689cbcdb0a8ecb105d5861d6,5,2,3,,,,2025-08-27 12:34:01,
863,689cbcdc64649ec0d88b18b5,4,1,3,,,,2025-08-27 12:34:01,
864,689cbe6cd810662697db10a5,8,5,3,,,,2025-08-27 12:34:01,
865,689cc19c17722caabefe94a1,4,2,2,,,,2025-08-27 12:34:01,
866,689cc19d2dc553bc5b78a0c2,4,2,2,,,,2025-08-27 12:34:01,
867,689cc1a4dbdfa1fc5f102fb5,4,1,3,,,,2025-08-27 12:34:01,
868,689cc4d277a8b2327f88b109,5,2,3,,,,2025-08-27 12:34:01,
869,689cc4d2e0de71410d7d564f,5,2,3,,,,2025-08-27 12:34:01,
870,689cc4db1b295fa30ac4b31a,7,4,3,,,,2025-08-27 12:34:01,
871,689cc4dc94710f5b993fcbcd,6,3,3,,,,2025-08-27 12:34:01,
872,689cc689e1299fd8b4594b08,4,2,2,,,,2025-08-27 12:34:01,
873,689cc9decdcf24fbbc314439,10,6,4,,,,2025-08-27 12:34:01,
874,689cc9dfd6f281146aa88485,6,3,3,,,,2025-08-27 12:34:01,
875,689cc9e71b51d54b80ad05c5,4,1,3,,,,2025-08-27 12:34:01,
876,689ccbb9dbd9e857fc186b5d,4,2,2,,,,2025-08-27 12:34:01,
877,689ccbc06f9d4bdd17217801,3,1,2,,,,2025-08-27 12:34:01,
878,689ccd99e471010881f1b867,5,2,3,,,,2025-08-27 12:34:01,
879,689ccd9a210ac38dbd344d90,4,2,2,,,,2025-08-27 12:34:01,
880,689ccf5e429f7b84376f10df,4,2,2,,,,2025-08-27 12:34:02,
881,689cd13d1023b354e46ab853,3,1,2,,,,2025-08-27 12:34:02,
882,689cd30dbfe37c73d844b11c,4,2,2,,,,2025-08-27 12:34:02,
883,689cd30f1d2ad46d0221022f,4,2,2,,,,2025-08-27 12:34:02,
884,689cd30f785ca310f72cc47c,3,1,2,,,,2025-08-27 12:34:02,
885,689cd525d10b784138312521,3,1,2,,,,2025-08-27 12:34:02,
886,689cd6f7e37a17c23ffbef34,4,2,2,,,,2025-08-27 12:34:02,
887,689cd9783d8c817e133b9bcb,3,2,1,,,,2025-08-27 12:34:02,
888,689cd97884295e0767e105f8,5,3,2,,,,2025-08-27 12:34:02,
889,689cd978c19e88a662552465,4,2,2,,,,2025-08-27 12:34:02,
890,689cd978ed1557adacfbb364,4,2,2,,,,2025-08-27 12:34:02,
891,689cdb403587e9c6123a13fb,2,1,1,,,,2025-08-27 12:34:02,
892,689cdb40c866f97131057105,3,2,1,,,,2025-08-27 12:34:02,
893,689cdcfb7bde95d1077d0526,2,1,1,,,,2025-08-27 12:34:02,
894,689cdcfc729e9e4104e3ef53,3,2,1,,,,2025-08-27 12:34:02,
895,689cdecd4598188ed7099b15,5,4,1,,,,2025-08-27 12:34:02,
896,689ce085737726537a970844,4,3,1,,,,2025-08-27 12:34:02,
897,689ce0858c101e1596b532d7,3,2,1,,,,2025-08-27 12:34:02,
898,689ce085c2883247710d514e,4,3,1,,,,2025-08-27 12:34:02,
899,689ce3cb1184171c773f592a,4,3,1,,,,2025-08-27 12:34:02,
900,689ce79923198892ee475af1,3,2,1,,,,2025-08-27 12:34:02,
901,689cf05cf103fa8268386ce3,3,2,1,,,,2025-08-27 12:34:02,
902,689cf1fc9ff93c6ab1e8e546,4,3,1,,,,2025-08-27 12:34:02,
903,689cf6c90db9f208e35c4811,2,1,1,,,,2025-08-27 12:34:02,
904,689cfc0a8fcccb925f981a0f,3,2,1,,,,2025-08-27 12:34:02,
